"GlobalElementID","ModelRegionID","Cell Type"
8,1,10
24,1,10
84,1,10
140,1,10
202,1,10
208,1,10
237,1,10
271,1,10
294,1,10
303,1,10
317,1,10
318,1,10
323,1,10
385,1,10
406,1,10
447,1,10
534,1,10
535,1,10
572,1,10
666,1,10
692,1,10
719,1,10
727,1,10
732,1,10
855,1,10
866,1,10
881,1,10
887,1,10
906,1,10
958,1,10
970,1,10
1001,1,10
1130,1,10
1140,1,10
1159,1,10
1192,1,10
1215,1,10
1258,1,10
1303,1,10
1309,1,10
1328,1,10
1343,1,10
1381,1,10
1427,1,10
1547,1,10
1582,1,10
1610,1,10
1704,1,10
1708,1,10
1839,1,10
1904,1,10
1967,1,10
1983,1,10
2017,1,10
2059,1,10
2131,1,10
2307,1,10
2329,1,10
2339,1,10
2354,1,10
2366,1,10
2372,1,10
2379,1,10
2381,1,10
2420,1,10
2427,1,10
2477,1,10
2528,1,10
2549,1,10
2600,1,10
2609,1,10
2613,1,10
2639,1,10
2708,1,10
2710,1,10
2718,1,10
2754,1,10
2770,1,10
2820,1,10
2825,1,10
2827,1,10
2866,1,10
2881,1,10
2944,1,10
2973,1,10
2975,1,10
3002,1,10
3008,1,10
3013,1,10
3014,1,10
3086,1,10
3156,1,10
3158,1,10
3160,1,10
3243,1,10
3266,1,10
3275,1,10
3469,1,10
3497,1,10
3510,1,10
3516,1,10
3517,1,10
3518,1,10
3552,1,10
3569,1,10
3590,1,10
3604,1,10
3722,1,10
3776,1,10
3781,1,10
3795,1,10
3818,1,10
3836,1,10
3854,1,10
3908,1,10
3983,1,10
4008,1,10
4028,1,10
4033,1,10
4039,1,10
4056,1,10
4060,1,10
4235,1,10
4259,1,10
4268,1,10
4271,1,10
4347,1,10
4360,1,10
4377,1,10
4392,1,10
4407,1,10
4418,1,10
4433,1,10
4443,1,10
4462,1,10
4476,1,10
4503,1,10
4512,1,10
4521,1,10
4526,1,10
4528,1,10
4552,1,10
4564,1,10
4587,1,10
4630,1,10
4633,1,10
4645,1,10
4689,1,10
4706,1,10
4810,1,10
4827,1,10
4836,1,10
4874,1,10
4899,1,10
4916,1,10
4937,1,10
4944,1,10
4996,1,10
5004,1,10
5108,1,10
5143,1,10
5163,1,10
5190,1,10
5240,1,10
5260,1,10
5286,1,10
5319,1,10
5340,1,10
5350,1,10
5379,1,10
5423,1,10
5440,1,10
5484,1,10
5501,1,10
5553,1,10
5623,1,10
5671,1,10
5681,1,10
5808,1,10
5812,1,10
5814,1,10
5841,1,10
5855,1,10
5946,1,10
5956,1,10
5982,1,10
6003,1,10
6015,1,10
6042,1,10
6166,1,10
6180,1,10
6182,1,10
6263,1,10
6394,1,10
6410,1,10
6468,1,10
6472,1,10
6497,1,10
6513,1,10
6543,1,10
6614,1,10
6738,1,10
6753,1,10
6762,1,10
6766,1,10
6780,1,10
6790,1,10
6872,1,10
7026,1,10
7099,1,10
7147,1,10
7211,1,10
7254,1,10
7293,1,10
7300,1,10
7312,1,10
7334,1,10
7366,1,10
7369,1,10
7408,1,10
7431,1,10
7470,1,10
7471,1,10
7486,1,10
7516,1,10
7545,1,10
7646,1,10
7714,1,10
7743,1,10
7780,1,10
7872,1,10
7911,1,10
7918,1,10
7985,1,10
8043,1,10
8090,1,10
8136,1,10
8182,1,10
8185,1,10
8207,1,10
8208,1,10
8210,1,10
8227,1,10
8242,1,10
8247,1,10
8306,1,10
8309,1,10
8323,1,10
8372,1,10
8440,1,10
8466,1,10
8497,1,10
8503,1,10
8513,1,10
8561,1,10
8582,1,10
8586,1,10
8645,1,10
8701,1,10
8702,1,10
8745,1,10
8760,1,10
8761,1,10
8762,1,10
8818,1,10
8883,1,10
8921,1,10
8941,1,10
8965,1,10
9011,1,10
9030,1,10
9060,1,10
9062,1,10
9063,1,10
9131,1,10
9158,1,10
9170,1,10
9180,1,10
9196,1,10
9220,1,10
9249,1,10
9271,1,10
9301,1,10
9354,1,10
9366,1,10
9374,1,10
9404,1,10
9436,1,10
9450,1,10
9515,1,10
9524,1,10
9539,1,10
9565,1,10
9646,1,10
9685,1,10
9688,1,10
9695,1,10
9698,1,10
9734,1,10
9790,1,10
9858,1,10
9868,1,10
9894,1,10
9912,1,10
9915,1,10
9941,1,10
9946,1,10
9950,1,10
9957,1,10
10012,1,10
10034,1,10
10057,1,10
10110,1,10
10139,1,10
10198,1,10
10209,1,10
10398,1,10
10403,1,10
10407,1,10
10429,1,10
10464,1,10
10547,1,10
10574,1,10
10577,1,10
10609,1,10
10630,1,10
10631,1,10
10655,1,10
10710,1,10
10722,1,10
10746,1,10
10754,1,10
10837,1,10
10861,1,10
10905,1,10
10906,1,10
10929,1,10
10940,1,10
10972,1,10
10980,1,10
11009,1,10
11025,1,10
11033,1,10
11074,1,10
11082,1,10
11146,1,10
11175,1,10
11192,1,10
11194,1,10
11239,1,10
11241,1,10
11330,1,10
11373,1,10
11381,1,10
11396,1,10
11448,1,10
11508,1,10
11555,1,10
11569,1,10
11591,1,10
11606,1,10
11612,1,10
11633,1,10
11683,1,10
11689,1,10
11722,1,10
11739,1,10
11742,1,10
11810,1,10
11822,1,10
11859,1,10
11914,1,10
11920,1,10
11992,1,10
12026,1,10
12058,1,10
12140,1,10
12195,1,10
12222,1,10
12231,1,10
12279,1,10
12290,1,10
12360,1,10
12450,1,10
12536,1,10
12550,1,10
12556,1,10
12596,1,10
12632,1,10
12650,1,10
12657,1,10
12661,1,10
12684,1,10
12844,1,10
12917,1,10
12924,1,10
12938,1,10
12973,1,10
12978,1,10
13076,1,10
13082,1,10
13108,1,10
13158,1,10
13170,1,10
13214,1,10
13227,1,10
13340,1,10
13350,1,10
13355,1,10
13367,1,10
13399,1,10
13440,1,10
13451,1,10
13459,1,10
13523,1,10
13593,1,10
13612,1,10
13614,1,10
13643,1,10
13674,1,10
13676,1,10
13691,1,10
13771,1,10
13802,1,10
13819,1,10
13829,1,10
13867,1,10
13943,1,10
13965,1,10
13973,1,10
13984,1,10
13985,1,10
14040,1,10
14055,1,10
14104,1,10
14163,1,10
14196,1,10
14223,1,10
14247,1,10
14251,1,10
14252,1,10
14309,1,10
14333,1,10
14337,1,10
14375,1,10
14422,1,10
14424,1,10
14495,1,10
14526,1,10
14621,1,10
14627,1,10
14629,1,10
14676,1,10
14697,1,10
14715,1,10
14742,1,10
14772,1,10
14781,1,10
14794,1,10
14877,1,10
14924,1,10
14958,1,10
14970,1,10
15005,1,10
15115,1,10
15122,1,10
15160,1,10
15179,1,10
15193,1,10
15220,1,10
15231,1,10
15247,1,10
15259,1,10
15271,1,10
15347,1,10
15358,1,10
15364,1,10
15384,1,10
15442,1,10
15446,1,10
15458,1,10
15463,1,10
15474,1,10
15482,1,10
15503,1,10
15576,1,10
15603,1,10
15609,1,10
15629,1,10
15644,1,10
15662,1,10
15741,1,10
15747,1,10
15748,1,10
15765,1,10
15767,1,10
15795,1,10
15811,1,10
15826,1,10
15842,1,10
15865,1,10
15873,1,10
15891,1,10
15908,1,10
15942,1,10
15973,1,10
16020,1,10
16104,1,10
16114,1,10
16206,1,10
16221,1,10
16241,1,10
16270,1,10
16275,1,10
16307,1,10
16343,1,10
16349,1,10
16364,1,10
16394,1,10
16516,1,10
16537,1,10
16562,1,10
16572,1,10
16576,1,10
16602,1,10
16629,1,10
16656,1,10
16661,1,10
16695,1,10
16735,1,10
16782,1,10
16794,1,10
16799,1,10
16807,1,10
16833,1,10
16840,1,10
16898,1,10
16932,1,10
16954,1,10
16955,1,10
16983,1,10
17014,1,10
17024,1,10
17044,1,10
17063,1,10
17081,1,10
17089,1,10
17129,1,10
17169,1,10
17171,1,10
17300,1,10
17318,1,10
17343,1,10
17348,1,10
17376,1,10
17411,1,10
17418,1,10
17489,1,10
17507,1,10
17517,1,10
17535,1,10
17541,1,10
17555,1,10
17605,1,10
17618,1,10
17678,1,10
17688,1,10
17769,1,10
17778,1,10
17803,1,10
17870,1,10
17909,1,10
17933,1,10
17981,1,10
18005,1,10
18149,1,10
18229,1,10
18236,1,10
18281,1,10
18295,1,10
18405,1,10
18409,1,10
18436,1,10
18465,1,10
18541,1,10
18603,1,10
18609,1,10
18617,1,10
18628,1,10
18693,1,10
18706,1,10
18724,1,10
18749,1,10
18772,1,10
18819,1,10
18844,1,10
18927,1,10
18929,1,10
18980,1,10
18996,1,10
19021,1,10
19034,1,10
19048,1,10
19076,1,10
19111,1,10
19118,1,10
19129,1,10
19134,1,10
19151,1,10
19165,1,10
19166,1,10
19185,1,10
19273,1,10
19312,1,10
19322,1,10
19328,1,10
19350,1,10
19374,1,10
19377,1,10
19393,1,10
19452,1,10
19467,1,10
19469,1,10
19508,1,10
19624,1,10
19635,1,10
19642,1,10
19643,1,10
19645,1,10
19662,1,10
19665,1,10
19670,1,10
19673,1,10
19706,1,10
19731,1,10
19740,1,10
19747,1,10
19757,1,10
19798,1,10
19846,1,10
19877,1,10
19885,1,10
19907,1,10
19916,1,10
19923,1,10
19935,1,10
19983,1,10
20026,1,10
20061,1,10
20127,1,10
20132,1,10
20150,1,10
20158,1,10
20166,1,10
20216,1,10
20225,1,10
20227,1,10
20245,1,10
20251,1,10
20295,1,10
20341,1,10
20343,1,10
20382,1,10
20403,1,10
20450,1,10
20456,1,10
20461,1,10
20464,1,10
20499,1,10
20522,1,10
20565,1,10
20572,1,10
20600,1,10
20620,1,10
20638,1,10
20677,1,10
20702,1,10
20710,1,10
20729,1,10
20734,1,10
20757,1,10
20825,1,10
20830,1,10
20838,1,10
20904,1,10
20961,1,10
20999,1,10
21019,1,10
21068,1,10
21069,1,10
21091,1,10
21099,1,10
21115,1,10
21130,1,10
21181,1,10
21182,1,10
21218,1,10
21226,1,10
21257,1,10
21296,1,10
21298,1,10
21307,1,10
21310,1,10
21328,1,10
21333,1,10
21360,1,10
21411,1,10
21445,1,10
21468,1,10
21485,1,10
21500,1,10
21506,1,10
21509,1,10
21546,1,10
21598,1,10
21608,1,10
21615,1,10
21619,1,10
21634,1,10
21661,1,10
21706,1,10
21738,1,10
21746,1,10
21756,1,10
21797,1,10
21799,1,10
21813,1,10
21850,1,10
21887,1,10
21911,1,10
21928,1,10
21953,1,10
21976,1,10
22005,1,10
22017,1,10
22022,1,10
22062,1,10
22071,1,10
22136,1,10
22141,1,10
22162,1,10
22199,1,10
22224,1,10
22296,1,10
22322,1,10
22372,1,10
22387,1,10
22388,1,10
22518,1,10
22521,1,10
22618,1,10
22662,1,10
22729,1,10
22767,1,10
22779,1,10
22809,1,10
22860,1,10
22978,1,10
23002,1,10
23032,1,10
23047,1,10
23081,1,10
23086,1,10
23138,1,10
23200,1,10
23203,1,10
23255,1,10
23291,1,10
23292,1,10
23325,1,10
23335,1,10
23340,1,10
23395,1,10
23408,1,10
23433,1,10
23470,1,10
23491,1,10
23508,1,10
23525,1,10
23554,1,10
23590,1,10
23611,1,10
23618,1,10
23658,1,10
23661,1,10
23672,1,10
23680,1,10
23690,1,10
23696,1,10
23749,1,10
23793,1,10
23842,1,10
23885,1,10
23906,1,10
23948,1,10
23997,1,10
24043,1,10
24058,1,10
24079,1,10
24160,1,10
24182,1,10
24191,1,10
24271,1,10
24289,1,10
24323,1,10
24328,1,10
24331,1,10
24342,1,10
24354,1,10
24409,1,10
24415,1,10
24432,1,10
24489,1,10
24594,1,10
24601,1,10
24627,1,10
24628,1,10
24637,1,10
24649,1,10
24698,1,10
24725,1,10
24752,1,10
24762,1,10
24796,1,10
24841,1,10
24872,1,10
24880,1,10
24913,1,10
24915,1,10
24975,1,10
25014,1,10
25039,1,10
25040,1,10
25060,1,10
25070,1,10
25071,1,10
25084,1,10
25089,1,10
25118,1,10
25164,1,10
25169,1,10
25236,1,10
25237,1,10
25282,1,10
25313,1,10
25414,1,10
25417,1,10
25419,1,10
25504,1,10
25522,1,10
25543,1,10
25561,1,10
25602,1,10
25611,1,10
25612,1,10
25658,1,10
25720,1,10
25758,1,10
25759,1,10
25764,1,10
25773,1,10
25803,1,10
25833,1,10
25838,1,10
25907,1,10
25964,1,10
25990,1,10
26026,1,10
26060,1,10
26082,1,10
26111,1,10
26129,1,10
26231,1,10
26252,1,10
26318,1,10
26361,1,10
26388,1,10
26410,1,10
26414,1,10
26423,1,10
26425,1,10
26443,1,10
26484,1,10
26492,1,10
26513,1,10
26541,1,10
26557,1,10
26574,1,10
26585,1,10
26591,1,10
26671,1,10
26674,1,10
26739,1,10
26744,1,10
26791,1,10
26895,1,10
26897,1,10
26898,1,10
26914,1,10
26981,1,10
27058,1,10
27078,1,10
27111,1,10
27246,1,10
27263,1,10
27265,1,10
27351,1,10
27383,1,10
27510,1,10
27528,1,10
27530,1,10
27537,1,10
27602,1,10
27606,1,10
27614,1,10
27617,1,10
27630,1,10
27653,1,10
27680,1,10
27740,1,10
27746,1,10
27763,1,10
27768,1,10
27792,1,10
27795,1,10
27820,1,10
27822,1,10
27846,1,10
27854,1,10
27920,1,10
28011,1,10
28046,1,10
28069,1,10
28112,1,10
28122,1,10
28129,1,10
28135,1,10
28191,1,10
28273,1,10
28286,1,10
28321,1,10
28343,1,10
28380,1,10
28424,1,10
28480,1,10
28483,1,10
28527,1,10
28554,1,10
28566,1,10
28639,1,10
28696,1,10
28809,1,10
28812,1,10
28900,1,10
28903,1,10
28905,1,10
28920,1,10
28926,1,10
28937,1,10
28966,1,10
29016,1,10
29035,1,10
29067,1,10
29126,1,10
29141,1,10
29167,1,10
29176,1,10
29211,1,10
29235,1,10
29244,1,10
29249,1,10
29256,1,10
29344,1,10
29345,1,10
29361,1,10
29372,1,10
29455,1,10
29497,1,10
29550,1,10
29577,1,10
29609,1,10
29627,1,10
29640,1,10
29655,1,10
29685,1,10
29716,1,10
29728,1,10
29753,1,10
29757,1,10
29822,1,10
29831,1,10
29844,1,10
29865,1,10
29881,1,10
29891,1,10
29896,1,10
29904,1,10
29936,1,10
29970,1,10
29982,1,10
30005,1,10
30077,1,10
30140,1,10
30171,1,10
30173,1,10
30179,1,10
30221,1,10
30304,1,10
30310,1,10
30340,1,10
30385,1,10
30402,1,10
30403,1,10
30408,1,10
30440,1,10
30450,1,10
30483,1,10
30490,1,10
30495,1,10
30515,1,10
30575,1,10
30588,1,10
30600,1,10
30626,1,10
30636,1,10
30662,1,10
30667,1,10
30668,1,10
30676,1,10
30705,1,10
30767,1,10
30782,1,10
30793,1,10
30804,1,10
30877,1,10
30900,1,10
30914,1,10
30923,1,10
30950,1,10
30977,1,10
30985,1,10
31003,1,10
31050,1,10
31082,1,10
31109,1,10
31190,1,10
31234,1,10
31277,1,10
31381,1,10
31401,1,10
31419,1,10
31433,1,10
31481,1,10
31491,1,10
31498,1,10
31507,1,10
31584,1,10
31597,1,10
31611,1,10
31646,1,10
31663,1,10
31681,1,10
31712,1,10
31736,1,10
31759,1,10
31860,1,10
31871,1,10
31890,1,10
31901,1,10
32012,1,10
32036,1,10
32095,1,10
32111,1,10
32163,1,10
32228,1,10
32271,1,10
32281,1,10
32350,1,10
32360,1,10
32367,1,10
32374,1,10
32435,1,10
32460,1,10
32466,1,10
32512,1,10
32576,1,10
32594,1,10
32642,1,10
32665,1,10
32677,1,10
32740,1,10
32781,1,10
32822,1,10
32827,1,10
32844,1,10
32884,1,10
32907,1,10
32966,1,10
32974,1,10
32975,1,10
33016,1,10
33019,1,10
33026,1,10
33103,1,10
33105,1,10
33150,1,10
33153,1,10
33158,1,10
33196,1,10
33321,1,10
33327,1,10
33334,1,10
33346,1,10
33355,1,10
33371,1,10
33375,1,10
33377,1,10
33379,1,10
33384,1,10
33398,1,10
33446,1,10
33451,1,10
33473,1,10
33490,1,10
33492,1,10
33505,1,10
33508,1,10
33597,1,10
33628,1,10
33634,1,10
33640,1,10
33664,1,10
33740,1,10
33784,1,10
33803,1,10
33807,1,10
33826,1,10
33879,1,10
33881,1,10
33897,1,10
33936,1,10
33941,1,10
34006,1,10
34029,1,10
34072,1,10
34079,1,10
34093,1,10
34115,1,10
34139,1,10
34185,1,10
34220,1,10
34259,1,10
34262,1,10
34270,1,10
34274,1,10
34278,1,10
34359,1,10
34375,1,10
34415,1,10
34419,1,10
34543,1,10
34561,1,10
34591,1,10
34617,1,10
34641,1,10
34697,1,10
34714,1,10
34732,1,10
34817,1,10
34864,1,10
34886,1,10
34906,1,10
34945,1,10
34959,1,10
34972,1,10
35018,1,10
35019,1,10
35034,1,10
35047,1,10
35099,1,10
35107,1,10
35125,1,10
35169,1,10
35188,1,10
35226,1,10
35236,1,10
35245,1,10
35257,1,10
35286,1,10
35303,1,10
35310,1,10
35346,1,10
35385,1,10
35388,1,10
35420,1,10
35434,1,10
35472,1,10
35481,1,10
35488,1,10
35503,1,10
35504,1,10
35547,1,10
35562,1,10
35564,1,10
35568,1,10
35593,1,10
35600,1,10
35607,1,10
35627,1,10
35628,1,10
35685,1,10
35704,1,10
35716,1,10
35761,1,10
35791,1,10
35813,1,10
35849,1,10
35852,1,10
35860,1,10
35895,1,10
35951,1,10
35959,1,10
35998,1,10
36045,1,10
36056,1,10
36096,1,10
36112,1,10
36118,1,10
36134,1,10
36353,1,10
36389,1,10
36416,1,10
36440,1,10
36454,1,10
36493,1,10
36592,1,10
36606,1,10
36617,1,10
36637,1,10
36639,1,10
36699,1,10
36818,1,10
36820,1,10
36826,1,10
36855,1,10
36891,1,10
36977,1,10
36998,1,10
37004,1,10
37029,1,10
37030,1,10
37115,1,10
37176,1,10
37252,1,10
37267,1,10
37279,1,10
37351,1,10
37360,1,10
37406,1,10
37436,1,10
37446,1,10
37474,1,10
37480,1,10
37551,1,10
37567,1,10
37651,1,10
37659,1,10
37660,1,10
37725,1,10
37736,1,10
37758,1,10
37764,1,10
37779,1,10
37802,1,10
37855,1,10
37906,1,10
37916,1,10
37999,1,10
38035,1,10
38042,1,10
38043,1,10
38055,1,10
38066,1,10
38137,1,10
38156,1,10
38159,1,10
38191,1,10
38194,1,10
38232,1,10
38274,1,10
38296,1,10
38306,1,10
38332,1,10
38347,1,10
38375,1,10
38376,1,10
38426,1,10
38468,1,10
38532,1,10
38575,1,10
38598,1,10
38656,1,10
38675,1,10
38717,1,10
38720,1,10
38738,1,10
38782,1,10
38784,1,10
38802,1,10
38848,1,10
38889,1,10
38895,1,10
38897,1,10
38905,1,10
38949,1,10
38964,1,10
38974,1,10
38977,1,10
38984,1,10
38990,1,10
38991,1,10
39007,1,10
39042,1,10
39132,1,10
39144,1,10
39167,1,10
39195,1,10
39228,1,10
39248,1,10
39296,1,10
39308,1,10
39316,1,10
39356,1,10
39362,1,10
39376,1,10
39393,1,10
39401,1,10
39418,1,10
39439,1,10
39467,1,10
39474,1,10
39524,1,10
39631,1,10
39667,1,10
39678,1,10
39706,1,10
39723,1,10
39728,1,10
39744,1,10
39857,1,10
39901,1,10
39935,1,10
39976,1,10
40014,1,10
40028,1,10
40034,1,10
40036,1,10
40039,1,10
40064,1,10
40094,1,10
40142,1,10
40164,1,10
40170,1,10
40175,1,10
40219,1,10
40234,1,10
40245,1,10
40381,1,10
40412,1,10
40416,1,10
40421,1,10
40475,1,10
40492,1,10
40500,1,10
40558,1,10
40570,1,10
40578,1,10
40580,1,10
40599,1,10
40602,1,10
40664,1,10
40689,1,10
40708,1,10
40833,1,10
40901,1,10
40945,1,10
40964,1,10
41033,1,10
41119,1,10
41131,1,10
41155,1,10
41190,1,10
41213,1,10
41285,1,10
41286,1,10
41300,1,10
41304,1,10
41314,1,10
41327,1,10
41348,1,10
41350,1,10
41372,1,10
41382,1,10
41418,1,10
41425,1,10
41442,1,10
41447,1,10
41452,1,10
41453,1,10
41561,1,10
41625,1,10
41636,1,10
41642,1,10
41674,1,10
41686,1,10
41772,1,10
41796,1,10
41830,1,10
41851,1,10
41868,1,10
41940,1,10
41976,1,10
41987,1,10
41995,1,10
42002,1,10
42003,1,10
42008,1,10
42020,1,10
42029,1,10
42159,1,10
42188,1,10
42217,1,10
42230,1,10
42238,1,10
42249,1,10
42303,1,10
42382,1,10
42462,1,10
42477,1,10
42537,1,10
42542,1,10
42579,1,10
42596,1,10
42636,1,10
42641,1,10
42677,1,10
42712,1,10
42715,1,10
42716,1,10
42730,1,10
42751,1,10
42754,1,10
42755,1,10
42807,1,10
42810,1,10
42824,1,10
42830,1,10
42857,1,10
42880,1,10
42926,1,10
42928,1,10
42967,1,10
43043,1,10
43046,1,10
43066,1,10
43108,1,10
43117,1,10
43127,1,10
43152,1,10
43153,1,10
43170,1,10
43203,1,10
43232,1,10
43265,1,10
43317,1,10
43343,1,10
43359,1,10
43364,1,10
43370,1,10
43405,1,10
43452,1,10
43453,1,10
43602,1,10
43604,1,10
43606,1,10
43667,1,10
43702,1,10
43734,1,10
43743,1,10
43802,1,10
43841,1,10
43868,1,10
43871,1,10
43930,1,10
43940,1,10
43968,1,10
44041,1,10
44051,1,10
44097,1,10
44140,1,10
44144,1,10
44147,1,10
44224,1,10
44266,1,10
44290,1,10
44293,1,10
44315,1,10
44368,1,10
44445,1,10
44452,1,10
44465,1,10
44469,1,10
44470,1,10
44509,1,10
44544,1,10
44549,1,10
44561,1,10
44643,1,10
44698,1,10
44889,1,10
44920,1,10
45030,1,10
45049,1,10
45050,1,10
45051,1,10
45053,1,10
45100,1,10
45172,1,10
45187,1,10
45213,1,10
45216,1,10
45290,1,10
45352,1,10
45353,1,10
45354,1,10
45366,1,10
45377,1,10
45394,1,10
45401,1,10
45470,1,10
45480,1,10
45528,1,10
45529,1,10
45535,1,10
45542,1,10
45565,1,10
45573,1,10
45574,1,10
45601,1,10
45652,1,10
45654,1,10
45664,1,10
45717,1,10
45799,1,10
45846,1,10
45864,1,10
45881,1,10
45885,1,10
45924,1,10
45930,1,10
45953,1,10
45972,1,10
45982,1,10
46050,1,10
46083,1,10
46097,1,10
46118,1,10
46170,1,10
46191,1,10
46226,1,10
46280,1,10
46305,1,10
46313,1,10
46314,1,10
46318,1,10
46367,1,10
46403,1,10
46419,1,10
46449,1,10
46452,1,10
46479,1,10
46531,1,10
46534,1,10
46539,1,10
46565,1,10
46573,1,10
46580,1,10
46587,1,10
46640,1,10
46641,1,10
46670,1,10
46683,1,10
46704,1,10
46734,1,10
46775,1,10
46778,1,10
46953,1,10
46955,1,10
47003,1,10
47046,1,10
47049,1,10
47137,1,10
47177,1,10
47183,1,10
47187,1,10
47218,1,10
47244,1,10
47250,1,10
47270,1,10
47324,1,10
47331,1,10
47336,1,10
47380,1,10
47402,1,10
47413,1,10
47427,1,10
47430,1,10
47431,1,10
47432,1,10
47433,1,10
47468,1,10
47527,1,10
47577,1,10
47593,1,10
47744,1,10
47761,1,10
47769,1,10
47829,1,10
47850,1,10
47852,1,10
47893,1,10
47926,1,10
47930,1,10
47998,1,10
48006,1,10
48018,1,10
48093,1,10
48105,1,10
48113,1,10
48145,1,10
48264,1,10
48287,1,10
48348,1,10
48374,1,10
48396,1,10
48403,1,10
48454,1,10
48455,1,10
48494,1,10
48510,1,10
48528,1,10
48552,1,10
48559,1,10
48627,1,10
48628,1,10
48637,1,10
48642,1,10
48679,1,10
48697,1,10
48714,1,10
48723,1,10
48735,1,10
48743,1,10
48778,1,10
48803,1,10
48818,1,10
48855,1,10
48935,1,10
48940,1,10
48996,1,10
49051,1,10
49052,1,10
49057,1,10
49097,1,10
49112,1,10
49117,1,10
49179,1,10
49184,1,10
49199,1,10
49207,1,10
49243,1,10
49356,1,10
49377,1,10
49400,1,10
49425,1,10
49429,1,10
49430,1,10
49438,1,10
49439,1,10
49446,1,10
49481,1,10
49498,1,10
49592,1,10
49605,1,10
49620,1,10
49622,1,10
49641,1,10
49656,1,10
49666,1,10
49667,1,10
49674,1,10
49676,1,10
49680,1,10
49715,1,10
49721,1,10
49730,1,10
49747,1,10
49770,1,10
49773,1,10
49799,1,10
49866,1,10
49947,1,10
50034,1,10
50055,1,10
50218,1,10
50245,1,10
50319,1,10
50325,1,10
50328,1,10
50404,1,10
50445,1,10
50447,1,10
50448,1,10
50452,1,10
50458,1,10
50459,1,10
50490,1,10
50502,1,10
50503,1,10
50505,1,10
50526,1,10
50536,1,10
50570,1,10
50583,1,10
50592,1,10
50628,1,10
50636,1,10
50691,1,10
50747,1,10
50772,1,10
50803,1,10
50817,1,10
50832,1,10
50858,1,10
50859,1,10
50869,1,10
50895,1,10
50930,1,10
50938,1,10
50985,1,10
51064,1,10
51079,1,10
51134,1,10
51160,1,10
51200,1,10
51221,1,10
51250,1,10
51287,1,10
51301,1,10
51364,1,10
51398,1,10
51421,1,10
51429,1,10
51446,1,10
51460,1,10
51496,1,10
51521,1,10
51526,1,10
51547,1,10
51587,1,10
51669,1,10
51686,1,10
51754,1,10
51777,1,10
51780,1,10
51926,1,10
51938,1,10
51987,1,10
52018,1,10
52116,1,10
52180,1,10
52189,1,10
52196,1,10
52215,1,10
52228,1,10
52317,1,10
52328,1,10
52331,1,10
52510,1,10
52518,1,10
52574,1,10
52605,1,10
52662,1,10
52670,1,10
52721,1,10
52759,1,10
52779,1,10
52782,1,10
52844,1,10
52853,1,10
52866,1,10
52878,1,10
52910,1,10
52944,1,10
52978,1,10
53021,1,10
53029,1,10
53061,1,10
53182,1,10
53191,1,10
53245,1,10
53290,1,10
53300,1,10
53341,1,10
53346,1,10
53347,1,10
53370,1,10
53384,1,10
53391,1,10
53407,1,10
53446,1,10
53449,1,10
53522,1,10
53523,1,10
53538,1,10
53583,1,10
53589,1,10
53676,1,10
53736,1,10
53747,1,10
53778,1,10
53791,1,10
53848,1,10
53861,1,10
53993,1,10
54080,1,10
54082,1,10
54195,1,10
54313,1,10
54326,1,10
54348,1,10
54361,1,10
54392,1,10
54397,1,10
54407,1,10
54413,1,10
54421,1,10
54441,1,10
54443,1,10
54444,1,10
54501,1,10
54528,1,10
54555,1,10
54575,1,10
54626,1,10
54627,1,10
54628,1,10
54633,1,10
54652,1,10
54653,1,10
54654,1,10
54667,1,10
54695,1,10
54747,1,10
54755,1,10
54756,1,10
54762,1,10
54834,1,10
54835,1,10
54865,1,10
54866,1,10
54889,1,10
54937,1,10
54949,1,10
54992,1,10
55103,1,10
55106,1,10
55197,1,10
55239,1,10
55252,1,10
55255,1,10
55281,1,10
55406,1,10
55465,1,10
55531,1,10
55533,1,10
55551,1,10
55583,1,10
55603,1,10
55623,1,10
55705,1,10
55747,1,10
55812,1,10
55853,1,10
55855,1,10
55864,1,10
55866,1,10
56012,1,10
56032,1,10
56038,1,10
56055,1,10
56121,1,10
56127,1,10
56241,1,10
56286,1,10
56288,1,10
56310,1,10
56332,1,10
56421,1,10
56447,1,10
56468,1,10
56516,1,10
56575,1,10
56621,1,10
56742,1,10
56767,1,10
56772,1,10
56773,1,10
56802,1,10
56803,1,10
56805,1,10
56806,1,10
56809,1,10
56854,1,10
56951,1,10
57034,1,10
57040,1,10
57100,1,10
57162,1,10
57167,1,10
57184,1,10
57253,1,10
57334,1,10
57337,1,10
57347,1,10
57351,1,10
57367,1,10
57370,1,10
57377,1,10
57378,1,10
57407,1,10
57408,1,10
57448,1,10
57469,1,10
57526,1,10
57540,1,10
57553,1,10
57555,1,10
57605,1,10
57614,1,10
57655,1,10
57669,1,10
57696,1,10
57802,1,10
57810,1,10
57887,1,10
57898,1,10
57906,1,10
57907,1,10
57948,1,10
57952,1,10
57993,1,10
58020,1,10
58045,1,10
58058,1,10
58141,1,10
58256,1,10
58288,1,10
58473,1,10
58493,1,10
58512,1,10
58523,1,10
58555,1,10
58596,1,10
58599,1,10
58654,1,10
58681,1,10
58821,1,10
58822,1,10
58854,1,10
58890,1,10
58919,1,10
58926,1,10
59009,1,10
59022,1,10
59050,1,10
59063,1,10
59073,1,10
59074,1,10
59123,1,10
59130,1,10
59202,1,10
59217,1,10
59277,1,10
59382,1,10
59383,1,10
59384,1,10
59385,1,10
59397,1,10
59479,1,10
59484,1,10
59486,1,10
59491,1,10
59518,1,10
59519,1,10
59561,1,10
59593,1,10
59628,1,10
59704,1,10
59760,1,10
59873,1,10
59975,1,10
60014,1,10
60028,1,10
60044,1,10
60116,1,10
60125,1,10
60159,1,10
60172,1,10
60173,1,10
60191,1,10
60226,1,10
60252,1,10
60295,1,10
60333,1,10
60344,1,10
60400,1,10
60401,1,10
60405,1,10
60418,1,10
60458,1,10
60488,1,10
60496,1,10
60497,1,10
60527,1,10
60528,1,10
60535,1,10
60537,1,10
60577,1,10
60609,1,10
60610,1,10
60617,1,10
60624,1,10
60685,1,10
60805,1,10
60847,1,10
60851,1,10
60900,1,10
61053,1,10
61082,1,10
61088,1,10
61144,1,10
61151,1,10
61230,1,10
61241,1,10
61254,1,10
61271,1,10
61304,1,10
61325,1,10
61328,1,10
61354,1,10
61369,1,10
61507,1,10
61524,1,10
61664,1,10
61690,1,10
61698,1,10
61749,1,10
61800,1,10
61826,1,10
61867,1,10
61874,1,10
61935,1,10
61978,1,10
62020,1,10
62031,1,10
62062,1,10
62114,1,10
62115,1,10
62121,1,10
62123,1,10
62195,1,10
62199,1,10
62230,1,10
62231,1,10
62243,1,10
62244,1,10
62265,1,10
62321,1,10
62370,1,10
62397,1,10
62401,1,10
62410,1,10
62414,1,10
62416,1,10
62417,1,10
62419,1,10
62455,1,10
62485,1,10
62528,1,10
62541,1,10
62604,1,10
62626,1,10
62670,1,10
62696,1,10
62758,1,10
62773,1,10
62815,1,10
62840,1,10
62906,1,10
62908,1,10
62910,1,10
62925,1,10
62943,1,10
62978,1,10
62980,1,10
62994,1,10
63006,1,10
63035,1,10
63037,1,10
63079,1,10
63083,1,10
63181,1,10
63185,1,10
63253,1,10
63273,1,10
63399,1,10
63406,1,10
63423,1,10
63426,1,10
63431,1,10
63448,1,10
63472,1,10
63479,1,10
63486,1,10
63487,1,10
63543,1,10
63586,1,10
63610,1,10
63662,1,10
63674,1,10
63746,1,10
63761,1,10
63773,1,10
63774,1,10
63837,1,10
63858,1,10
63893,1,10
63909,1,10
63919,1,10
63938,1,10
63957,1,10
63981,1,10
63989,1,10
64000,1,10
64013,1,10
64078,1,10
64218,1,10
64220,1,10
64298,1,10
64331,1,10
64350,1,10
64358,1,10
64439,1,10
64452,1,10
64465,1,10
64573,1,10
64632,1,10
64658,1,10
64674,1,10
64699,1,10
64781,1,10
64786,1,10
64790,1,10
64807,1,10
64867,1,10
64897,1,10
64917,1,10
64949,1,10
64976,1,10
65026,1,10
65070,1,10
65092,1,10
65203,1,10
65204,1,10
65206,1,10
65250,1,10
65272,1,10
65304,1,10
65313,1,10
65333,1,10
65339,1,10
65351,1,10
65376,1,10
65398,1,10
65531,1,10
65536,1,10
65585,1,10
65612,1,10
65661,1,10
65685,1,10
65701,1,10
65712,1,10
65715,1,10
65720,1,10
65722,1,10
65724,1,10
65731,1,10
65780,1,10
65785,1,10
65881,1,10
65882,1,10
65889,1,10
65928,1,10
65956,1,10
65980,1,10
66050,1,10
66061,1,10
66063,1,10
66064,1,10
66086,1,10
66123,1,10
66141,1,10
66147,1,10
66149,1,10
66165,1,10
66210,1,10
66242,1,10
66262,1,10
66280,1,10
66284,1,10
66311,1,10
66337,1,10
66387,1,10
66390,1,10
66443,1,10
66449,1,10
66573,1,10
66661,1,10
66713,1,10
66740,1,10
66747,1,10
66767,1,10
66774,1,10
66815,1,10
66846,1,10
66898,1,10
66919,1,10
67023,1,10
67061,1,10
67066,1,10
67077,1,10
67114,1,10
67238,1,10
67260,1,10
67263,1,10
67264,1,10
67373,1,10
67408,1,10
67477,1,10
67505,1,10
67512,1,10
67555,1,10
67565,1,10
67571,1,10
67572,1,10
67590,1,10
67616,1,10
67647,1,10
67784,1,10
67805,1,10
67809,1,10
67810,1,10
67841,1,10
67917,1,10
67948,1,10
67950,1,10
67952,1,10
68038,1,10
68060,1,10
68071,1,10
68075,1,10
68106,1,10
68221,1,10
68222,1,10
68273,1,10
68283,1,10
68299,1,10
68396,1,10
68408,1,10
68427,1,10
68460,1,10
68462,1,10
68466,1,10
68521,1,10
68560,1,10
68629,1,10
68650,1,10
68667,1,10
68670,1,10
68677,1,10
68681,1,10
68742,1,10
68800,1,10
68909,1,10
68947,1,10
68958,1,10
69017,1,10
69018,1,10
69032,1,10
69116,1,10
69117,1,10
69118,1,10
69153,1,10
69156,1,10
69163,1,10
69181,1,10
69216,1,10
69334,1,10
69364,1,10
69373,1,10
69375,1,10
69396,1,10
69474,1,10
69518,1,10
69520,1,10
69533,1,10
69550,1,10
69581,1,10
69583,1,10
69654,1,10
69744,1,10
69821,1,10
69836,1,10
69838,1,10
69868,1,10
69870,1,10
69876,1,10
69886,1,10
69909,1,10
69955,1,10
69991,1,10
69993,1,10
70006,1,10
70038,1,10
70077,1,10
70090,1,10
70123,1,10
70141,1,10
70252,1,10
70266,1,10
70327,1,10
70352,1,10
70356,1,10
70414,1,10
70426,1,10
70479,1,10
70528,1,10
70543,1,10
70551,1,10
70561,1,10
70632,1,10
70639,1,10
70664,1,10
70684,1,10
70685,1,10
70688,1,10
70780,1,10
70786,1,10
70927,1,10
70928,1,10
70978,1,10
70997,1,10
71066,1,10
71075,1,10
71076,1,10
71094,1,10
71115,1,10
71125,1,10
71131,1,10
71140,1,10
71169,1,10
71233,1,10
71255,1,10
71267,1,10
71268,1,10
71277,1,10
71291,1,10
71338,1,10
71444,1,10
71445,1,10
71560,1,10
71597,1,10
71601,1,10
71646,1,10
71673,1,10
71689,1,10
71699,1,10
71738,1,10
71762,1,10
71763,1,10
71778,1,10
71836,1,10
71881,1,10
71883,1,10
71902,1,10
71925,1,10
71935,1,10
72004,1,10
72046,1,10
72065,1,10
72079,1,10
72081,1,10
72266,1,10
72272,1,10
72273,1,10
72311,1,10
72313,1,10
72369,1,10
72424,1,10
72426,1,10
72524,1,10
72538,1,10
72551,1,10
72577,1,10
72585,1,10
72618,1,10
72631,1,10
72682,1,10
72704,1,10
72729,1,10
72745,1,10
72849,1,10
72853,1,10
72854,1,10
72876,1,10
72949,1,10
73037,1,10
73091,1,10
73109,1,10
73130,1,10
73160,1,10
73163,1,10
73218,1,10
73234,1,10
73258,1,10
73278,1,10
73285,1,10
73302,1,10
73349,1,10
73353,1,10
73364,1,10
73409,1,10
73446,1,10
73529,1,10
73541,1,10
73644,1,10
73666,1,10
73685,1,10
73720,1,10
73744,1,10
73768,1,10
73770,1,10
73772,1,10
73780,1,10
73786,1,10
73791,1,10
73801,1,10
73825,1,10
73839,1,10
73886,1,10
73896,1,10
73923,1,10
73946,1,10
73966,1,10
73998,1,10
73999,1,10
74004,1,10
74009,1,10
74039,1,10
74082,1,10
74120,1,10
74125,1,10
74142,1,10
74144,1,10
74197,1,10
74252,1,10
74253,1,10
74286,1,10
74289,1,10
74318,1,10
74319,1,10
74362,1,10
74388,1,10
74422,1,10
74459,1,10
74507,1,10
74520,1,10
74524,1,10
74560,1,10
74575,1,10
74616,1,10
74624,1,10
74637,1,10
74697,1,10
74699,1,10
74836,1,10
74913,1,10
74964,1,10
74965,1,10
75044,1,10
75103,1,10
75111,1,10
75139,1,10
75148,1,10
75150,1,10
75178,1,10
75196,1,10
75226,1,10
75235,1,10
75286,1,10
75302,1,10
75306,1,10
75307,1,10
75451,1,10
75483,1,10
75578,1,10
75580,1,10
75594,1,10
75650,1,10
75755,1,10
75898,1,10
75908,1,10
75964,1,10
76009,1,10
76012,1,10
76029,1,10
76041,1,10
76042,1,10
76132,1,10
76133,1,10
76140,1,10
76200,1,10
76205,1,10
76210,1,10
76214,1,10
76263,1,10
76268,1,10
76343,1,10
76391,1,10
76453,1,10
76454,1,10
76489,1,10
76493,1,10
76500,1,10
76513,1,10
76514,1,10
76596,1,10
76599,1,10
76739,1,10
76740,1,10
76745,1,10
76775,1,10
76789,1,10
76796,1,10
76833,1,10
76868,1,10
76893,1,10
76898,1,10
76958,1,10
77002,1,10
77032,1,10
77034,1,10
77035,1,10
77049,1,10
77079,1,10
77080,1,10
77091,1,10
77105,1,10
77112,1,10
77266,1,10
77309,1,10
77395,1,10
77399,1,10
77423,1,10
77432,1,10
77433,1,10
77459,1,10
77474,1,10
77476,1,10
77498,1,10
77539,1,10
77571,1,10
77577,1,10
77590,1,10
77591,1,10
77593,1,10
77598,1,10
77606,1,10
77644,1,10
77649,1,10
77659,1,10
77703,1,10
77718,1,10
77789,1,10
77815,1,10
77830,1,10
77857,1,10
77923,1,10
78010,1,10
78078,1,10
78108,1,10
78138,1,10
78144,1,10
78259,1,10
78268,1,10
78309,1,10
78315,1,10
78337,1,10
78358,1,10
78376,1,10
78377,1,10
78380,1,10
78408,1,10
78409,1,10
78410,1,10
78411,1,10
78412,1,10
78414,1,10
78439,1,10
78448,1,10
78484,1,10
78514,1,10
78538,1,10
78605,1,10
78606,1,10
78660,1,10
78662,1,10
78663,1,10
78679,1,10
78681,1,10
78686,1,10
78687,1,10
78702,1,10
78736,1,10
78740,1,10
78770,1,10
78810,1,10
78820,1,10
78861,1,10
78879,1,10
78918,1,10
78934,1,10
78988,1,10
79017,1,10
79018,1,10
79042,1,10
79058,1,10
79122,1,10
79148,1,10
79209,1,10
79221,1,10
79244,1,10
79292,1,10
79299,1,10
79401,1,10
79403,1,10
79404,1,10
79473,1,10
79499,1,10
79528,1,10
79560,1,10
79590,1,10
79632,1,10
79633,1,10
79717,1,10
79724,1,10
79738,1,10
79775,1,10
79800,1,10
79810,1,10
79841,1,10
79872,1,10
79885,1,10
79893,1,10
79911,1,10
79998,1,10
80005,1,10
80142,1,10
80143,1,10
80173,1,10
80195,1,10
80247,1,10
80249,1,10
80293,1,10
80312,1,10
80313,1,10
80368,1,10
80396,1,10
80426,1,10
80463,1,10
80550,1,10
80558,1,10
80587,1,10
80600,1,10
80605,1,10
80626,1,10
80694,1,10
80753,1,10
80763,1,10
80818,1,10
80921,1,10
80934,1,10
80939,1,10
80948,1,10
80964,1,10
81003,1,10
81049,1,10
81077,1,10
81080,1,10
81091,1,10
81093,1,10
81095,1,10
81098,1,10
81134,1,10
81204,1,10
81205,1,10
81257,1,10
81332,1,10
81439,1,10
81484,1,10
81537,1,10
81571,1,10
81589,1,10
81599,1,10
81602,1,10
81603,1,10
81604,1,10
81658,1,10
81710,1,10
81781,1,10
81860,1,10
81880,1,10
81882,1,10
81883,1,10
81884,1,10
81885,1,10
81886,1,10
81902,1,10
81918,1,10
81922,1,10
81954,1,10
82027,1,10
82087,1,10
82152,1,10
82237,1,10
82445,1,10
82521,1,10
82532,1,10
82624,1,10
82629,1,10
82653,1,10
82662,1,10
82707,1,10
82708,1,10
82734,1,10
82796,1,10
82802,1,10
82804,1,10
82826,1,10
82837,1,10
82893,1,10
82938,1,10
82968,1,10
82997,1,10
83037,1,10
83054,1,10
83093,1,10
83095,1,10
83124,1,10
83147,1,10
83153,1,10
83202,1,10
83232,1,10
83237,1,10
83280,1,10
83317,1,10
83408,1,10
83442,1,10
83457,1,10
83466,1,10
83508,1,10
83534,1,10
83550,1,10
83572,1,10
83576,1,10
83631,1,10
83650,1,10
83753,1,10
83769,1,10
83774,1,10
83791,1,10
83804,1,10
83861,1,10
83869,1,10
83900,1,10
83909,1,10
83917,1,10
83918,1,10
83922,1,10
83985,1,10
84008,1,10
84051,1,10
84052,1,10
84056,1,10
84057,1,10
84058,1,10
84062,1,10
84066,1,10
84104,1,10
84106,1,10
84111,1,10
84133,1,10
84145,1,10
84186,1,10
84210,1,10
84217,1,10
84225,1,10
84322,1,10
84323,1,10
84325,1,10
84380,1,10
84386,1,10
84418,1,10
84513,1,10
84576,1,10
84608,1,10
84676,1,10
84719,1,10
84721,1,10
84757,1,10
84759,1,10
84768,1,10
84779,1,10
84792,1,10
84796,1,10
84839,1,10
84878,1,10
84885,1,10
84933,1,10
84938,1,10
84939,1,10
84940,1,10
84948,1,10
84950,1,10
84957,1,10
84972,1,10
85011,1,10
85123,1,10
85135,1,10
85138,1,10
85178,1,10
85198,1,10
85218,1,10
85237,1,10
85329,1,10
85428,1,10
85439,1,10
85523,1,10
85526,1,10
85543,1,10
85589,1,10
85640,1,10
85654,1,10
85900,1,10
85902,1,10
85923,1,10
85932,1,10
86101,1,10
86166,1,10
86172,1,10
86188,1,10
86274,1,10
86327,1,10
86437,1,10
86494,1,10
86503,1,10
86528,1,10
86561,1,10
86562,1,10
86606,1,10
86616,1,10
86624,1,10
86665,1,10
86738,1,10
86782,1,10
86784,1,10
86789,1,10
86839,1,10
86873,1,10
86887,1,10
86950,1,10
86965,1,10
86966,1,10
86967,1,10
87024,1,10
87090,1,10
87157,1,10
87185,1,10
87257,1,10
87259,1,10
87317,1,10
87318,1,10
87322,1,10
87323,1,10
87324,1,10
87325,1,10
87327,1,10
87345,1,10
87413,1,10
87485,1,10
87506,1,10
87529,1,10
87610,1,10
87617,1,10
87642,1,10
87645,1,10
87668,1,10
87669,1,10
87726,1,10
87735,1,10
87749,1,10
87785,1,10
87799,1,10
87801,1,10
87900,1,10
87922,1,10
87935,1,10
87945,1,10
87999,1,10
88000,1,10
88114,1,10
88115,1,10
88116,1,10
88134,1,10
88274,1,10
88287,1,10
88296,1,10
88309,1,10
88360,1,10
88375,1,10
88380,1,10
88408,1,10
88409,1,10
88500,1,10
88501,1,10
88525,1,10
88671,1,10
88720,1,10
88860,1,10
88893,1,10
88910,1,10
88941,1,10
88948,1,10
88971,1,10
89012,1,10
89015,1,10
89061,1,10
89064,1,10
89104,1,10
89105,1,10
89109,1,10
89225,1,10
89246,1,10
89265,1,10
89284,1,10
89344,1,10
89358,1,10
89366,1,10
89389,1,10
89400,1,10
89402,1,10
89463,1,10
89511,1,10
89526,1,10
89569,1,10
89570,1,10
89592,1,10
89593,1,10
89631,1,10
89635,1,10
89670,1,10
89725,1,10
89780,1,10
89845,1,10
89857,1,10
89862,1,10
89863,1,10
89895,1,10
89904,1,10
89922,1,10
89967,1,10
89986,1,10
89988,1,10
89991,1,10
90028,1,10
90044,1,10
90100,1,10
90101,1,10
90155,1,10
90156,1,10
90159,1,10
90246,1,10
90247,1,10
90316,1,10
90338,1,10
90341,1,10
90451,1,10
90476,1,10
90547,1,10
90733,1,10
90850,1,10
90883,1,10
90890,1,10
90967,1,10
90991,1,10
91051,1,10
91058,1,10
91092,1,10
91105,1,10
91106,1,10
91118,1,10
91122,1,10
91146,1,10
91243,1,10
91248,1,10
91261,1,10
91273,1,10
91304,1,10
91382,1,10
91383,1,10
91404,1,10
91414,1,10
91424,1,10
91474,1,10
91548,1,10
91550,1,10
91554,1,10
91555,1,10
91558,1,10
91599,1,10
91614,1,10
91633,1,10
91634,1,10
91637,1,10
91657,1,10
91659,1,10
91666,1,10
91667,1,10
91683,1,10
91694,1,10
91695,1,10
91717,1,10
91736,1,10
91822,1,10
91841,1,10
91846,1,10
91853,1,10
91855,1,10
91866,1,10
91920,1,10
91973,1,10
92058,1,10
92063,1,10
92068,1,10
92073,1,10
92081,1,10
92162,1,10
92166,1,10
92172,1,10
92209,1,10
92244,1,10
92248,1,10
92260,1,10
92262,1,10
92284,1,10
92289,1,10
92290,1,10
92326,1,10
92327,1,10
92462,1,10
92523,1,10
92527,1,10
92528,1,10
92530,1,10
92618,1,10
92619,1,10
92622,1,10
92659,1,10
92660,1,10
92673,1,10
92678,1,10
92808,1,10
92811,1,10
92812,1,10
92814,1,10
92835,1,10
92850,1,10
92862,1,10
92870,1,10
92885,1,10
93068,1,10
93095,1,10
93160,1,10
93197,1,10
93204,1,10
93232,1,10
93265,1,10
93282,1,10
93327,1,10
93362,1,10
93372,1,10
93490,1,10
93550,1,10
93571,1,10
93582,1,10
93595,1,10
93612,1,10
93627,1,10
93730,1,10
93757,1,10
93772,1,10
93773,1,10
93774,1,10
93775,1,10
93787,1,10
93812,1,10
93821,1,10
93875,1,10
94001,1,10
94050,1,10
94096,1,10
94138,1,10
94181,1,10
94182,1,10
94200,1,10
94204,1,10
94208,1,10
94212,1,10
94229,1,10
94331,1,10
94360,1,10
94456,1,10
94505,1,10
94530,1,10
94566,1,10
94580,1,10
94581,1,10
94616,1,10
94622,1,10
94623,1,10
94629,1,10
94685,1,10
94715,1,10
94835,1,10
94842,1,10
94916,1,10
95072,1,10
95080,1,10
95117,1,10
95227,1,10
95235,1,10
95285,1,10
95301,1,10
95302,1,10
95349,1,10
95465,1,10
95494,1,10
95530,1,10
95579,1,10
95584,1,10
95653,1,10
95706,1,10
95708,1,10
95714,1,10
95813,1,10
95814,1,10
95818,1,10
95855,1,10
95883,1,10
95897,1,10
95987,1,10
96032,1,10
96053,1,10
96064,1,10
96083,1,10
96152,1,10
96196,1,10
96273,1,10
96282,1,10
96287,1,10
96340,1,10
96343,1,10
96344,1,10
96419,1,10
96420,1,10
96522,1,10
96531,1,10
96561,1,10
96621,1,10
96640,1,10
96642,1,10
96643,1,10
96645,1,10
96646,1,10
96647,1,10
96651,1,10
96653,1,10
96661,1,10
96664,1,10
96668,1,10
96669,1,10
96704,1,10
96709,1,10
96717,1,10
96731,1,10
96732,1,10
96733,1,10
96754,1,10
96757,1,10
96777,1,10
96794,1,10
96825,1,10
96844,1,10
96943,1,10
96947,1,10
96962,1,10
96965,1,10
97036,1,10
97038,1,10
97065,1,10
97152,1,10
97156,1,10
97341,1,10
97343,1,10
97494,1,10
97598,1,10
97609,1,10
97611,1,10
97616,1,10
97631,1,10
97637,1,10
97664,1,10
97705,1,10
97723,1,10
97791,1,10
97807,1,10
97809,1,10
97810,1,10
97852,1,10
97923,1,10
97942,1,10
97944,1,10
97945,1,10
97946,1,10
97963,1,10
98069,1,10
98076,1,10
98081,1,10
98088,1,10
98116,1,10
98127,1,10
98147,1,10
98243,1,10
98288,1,10
98309,1,10
98325,1,10
98360,1,10
98365,1,10
98366,1,10
98385,1,10
98452,1,10
98463,1,10
98464,1,10
98465,1,10
98471,1,10
98482,1,10
98504,1,10
98554,1,10
98567,1,10
98603,1,10
98660,1,10
98738,1,10
98761,1,10
98800,1,10
98803,1,10
98805,1,10
98813,1,10
98824,1,10
98833,1,10
98883,1,10
98920,1,10
98935,1,10
98936,1,10
98956,1,10
98976,1,10
98999,1,10
99009,1,10
99063,1,10
99125,1,10
99133,1,10
99141,1,10
99142,1,10
99143,1,10
99216,1,10
99221,1,10
99274,1,10
99291,1,10
99369,1,10
99370,1,10
99398,1,10
99425,1,10
99480,1,10
99505,1,10
99511,1,10
99513,1,10
99593,1,10
99594,1,10
99599,1,10
99600,1,10
99603,1,10
99604,1,10
99628,1,10
99629,1,10
99638,1,10
99639,1,10
99743,1,10
99818,1,10
99843,1,10
99901,1,10
99930,1,10
99936,1,10
99964,1,10
99965,1,10
99966,1,10
99967,1,10
99968,1,10
99981,1,10
99994,1,10
99995,1,10
99996,1,10
99997,1,10
100147,1,10
100169,1,10
100232,1,10
100233,1,10
100277,1,10
100282,1,10
100283,1,10
100285,1,10
100286,1,10
100287,1,10
100288,1,10
100318,1,10
100444,1,10
100468,1,10
100505,1,10
100507,1,10
100530,1,10
100531,1,10
100552,1,10
100553,1,10
100575,1,10
100658,1,10
100680,1,10
100755,1,10
100756,1,10
100757,1,10
100758,1,10
100790,1,10
100795,1,10
100810,1,10
100852,1,10
100882,1,10
100950,1,10
100952,1,10
100980,1,10
100982,1,10
101005,1,10
101078,1,10
101123,1,10
101131,1,10
101158,1,10
101202,1,10
101241,1,10
101275,1,10
101276,1,10
101277,1,10
101278,1,10
101279,1,10
101280,1,10
101333,1,10
101358,1,10
101377,1,10
101380,1,10
101381,1,10
101412,1,10
101570,1,10
101571,1,10
101577,1,10
101600,1,10
101664,1,10
101704,1,10
101706,1,10
101707,1,10
101738,1,10
101754,1,10
101758,1,10
101802,1,10
101845,1,10
101846,1,10
101847,1,10
101875,1,10
101881,1,10
101913,1,10
101948,1,10
102045,1,10
102084,1,10
102087,1,10
102138,1,10
102148,1,10
102166,1,10
102170,1,10
102212,1,10
102246,1,10
102378,1,10
102388,1,10
102395,1,10
102445,1,10
102449,1,10
102450,1,10
102456,1,10
102457,1,10
102484,1,10
102493,1,10
102526,1,10
102546,1,10
102644,1,10
102788,1,10
102816,1,10
102817,1,10
102937,1,10
102938,1,10
102968,1,10
102980,1,10
103014,1,10
103017,1,10
103038,1,10
103060,1,10
103062,1,10
103082,1,10
103083,1,10
103206,1,10
103243,1,10
103291,1,10
103346,1,10
103379,1,10
103417,1,10
103456,1,10
103460,1,10
103461,1,10
103464,1,10
103496,1,10
103506,1,10
103511,1,10
103513,1,10
103524,1,10
103528,1,10
103529,1,10
103538,1,10
103556,1,10
103577,1,10
103603,1,10
103669,1,10
103787,1,10
103788,1,10
103789,1,10
103818,1,10
103834,1,10
103860,1,10
103863,1,10
103913,1,10
103919,1,10
103939,1,10
103949,1,10
103992,1,10
104031,1,10
104038,1,10
104111,1,10
104112,1,10
104118,1,10
104126,1,10
104264,1,10
104292,1,10
104294,1,10
104338,1,10
104363,1,10
104401,1,10
104451,1,10
104490,1,10
104491,1,10
104602,1,10
104635,1,10
104637,1,10
104639,1,10
104641,1,10
104720,1,10
104795,1,10
104801,1,10
104806,1,10
104811,1,10
104846,1,10
104847,1,10
104949,1,10
104959,1,10
104995,1,10
105061,1,10
105121,1,10
105123,1,10
105162,1,10
105185,1,10
105198,1,10
105243,1,10
105261,1,10
105319,1,10
105355,1,10
105367,1,10
105380,1,10
105580,1,10
105581,1,10
105632,1,10
105708,1,10
105758,1,10
105773,1,10
105798,1,10
105814,1,10
105816,1,10
105829,1,10
105949,1,10
106155,1,10
106242,1,10
106259,1,10
106299,1,10
106306,1,10
106307,1,10
106308,1,10
106309,1,10
106310,1,10
106311,1,10
106313,1,10
106314,1,10
106341,1,10
106418,1,10
106498,1,10
106499,1,10
106534,1,10
106535,1,10
106536,1,10
106541,1,10
106604,1,10
106605,1,10
106607,1,10
106608,1,10
106611,1,10
106693,1,10
106700,1,10
106702,1,10
106703,1,10
106704,1,10
106715,1,10
106717,1,10
106721,1,10
106722,1,10
106723,1,10
106724,1,10
106812,1,10
106889,1,10
106918,1,10
106952,1,10
106961,1,10
106962,1,10
107004,1,10
107094,1,10
107106,1,10
107134,1,10
107179,1,10
107180,1,10
107225,1,10
107285,1,10
107314,1,10
107372,1,10
107373,1,10
107395,1,10
107637,1,10
107696,1,10
107697,1,10
107722,1,10
107733,1,10
107813,1,10
107866,1,10
108002,1,10
108070,1,10
108117,1,10
108130,1,10
108148,1,10
108149,1,10
108227,1,10
108232,1,10
108281,1,10
108326,1,10
108336,1,10
108356,1,10
108379,1,10
108380,1,10
108413,1,10
108471,1,10
108488,1,10
108540,1,10
108541,1,10
108542,1,10
108543,1,10
108546,1,10
108549,1,10
108550,1,10
108606,1,10
108659,1,10
108663,1,10
108868,1,10
108877,1,10
108881,1,10
108883,1,10
109045,1,10
109046,1,10
109047,1,10
109048,1,10
109112,1,10
109202,1,10
109264,1,10
109292,1,10
109354,1,10
109355,1,10
109356,1,10
109371,1,10
109379,1,10
109394,1,10
109423,1,10
109424,1,10
109453,1,10
109495,1,10
109565,1,10
109738,1,10
109861,1,10
109865,1,10
109886,1,10
109929,1,10
109930,1,10
109931,1,10
109977,1,10
110034,1,10
110046,1,10
110061,1,10
110114,1,10
110167,1,10
110174,1,10
110196,1,10
110230,1,10
110281,1,10
110297,1,10
110301,1,10
110302,1,10
110304,1,10
110307,1,10
110308,1,10
110343,1,10
110346,1,10
110347,1,10
110349,1,10
110359,1,10
110388,1,10
110408,1,10
110409,1,10
110413,1,10
110418,1,10
110419,1,10
110422,1,10
110430,1,10
110467,1,10
110474,1,10
110475,1,10
110531,1,10
110532,1,10
110577,1,10
110729,1,10
110730,1,10
110735,1,10
110736,1,10
110737,1,10
110884,1,10
110919,1,10
110971,1,10
110993,1,10
110998,1,10
111017,1,10
111120,1,10
111122,1,10
111164,1,10
111177,1,10
111200,1,10
111209,1,10
111257,1,10
111259,1,10
111264,1,10
111295,1,10
111298,1,10
111352,1,10
111452,1,10
111453,1,10
111455,1,10
111456,1,10
111464,1,10
111491,1,10
111498,1,10
111530,1,10
111550,1,10
111553,1,10
111558,1,10
111559,1,10
111560,1,10
111596,1,10
111604,1,10
111816,1,10
111842,1,10
111847,1,10
111849,1,10
111907,1,10
111916,1,10
111956,1,10
111990,1,10
111995,1,10
112052,1,10
112287,1,10
112297,1,10
112317,1,10
112516,1,10
112577,1,10
112627,1,10
112628,1,10
112654,1,10
112665,1,10
112680,1,10
112714,1,10
112751,1,10
112777,1,10
112780,1,10
112787,1,10
112802,1,10
112804,1,10
112817,1,10
112843,1,10
112844,1,10
112845,1,10
112846,1,10
112847,1,10
112848,1,10
112851,1,10
112852,1,10
112854,1,10
112855,1,10
112904,1,10
112913,1,10
112938,1,10
112954,1,10
112956,1,10
112971,1,10
113211,1,10
113278,1,10
113292,1,10
113293,1,10
113336,1,10
113338,1,10
113352,1,10
113353,1,10
113354,1,10
113376,1,10
113421,1,10
113540,1,10
113543,1,10
113592,1,10
113596,1,10
113607,1,10
113613,1,10
113615,1,10
113621,1,10
113635,1,10
113662,1,10
113670,1,10
113702,1,10
113704,1,10
113748,1,10
113750,1,10
113753,1,10
113765,1,10
113838,1,10
113898,1,10
113977,1,10
114045,1,10
114048,1,10
114067,1,10
114068,1,10
114094,1,10
114147,1,10
114209,1,10
114260,1,10
114261,1,10
114274,1,10
114375,1,10
114376,1,10
114453,1,10
114471,1,10
114622,1,10
114932,1,10
114948,1,10
114954,1,10
114962,1,10
115024,1,10
115038,1,10
115039,1,10
115044,1,10
115093,1,10
115185,1,10
115187,1,10
115215,1,10
115250,1,10
115276,1,10
115277,1,10
115278,1,10
115279,1,10
115283,1,10
115285,1,10
115304,1,10
115330,1,10
115331,1,10
115424,1,10
115433,1,10
115435,1,10
115436,1,10
115514,1,10
115582,1,10
115583,1,10
115609,1,10
115640,1,10
115680,1,10
115767,1,10
115866,1,10
115867,1,10
116049,1,10
116051,1,10
116063,1,10
116064,1,10
116071,1,10
116072,1,10
116097,1,10
116124,1,10
116183,1,10
116185,1,10
116186,1,10
116188,1,10
116204,1,10
116210,1,10
116211,1,10
116214,1,10
116246,1,10
116247,1,10
116282,1,10
116395,1,10
116465,1,10
116468,1,10
116611,1,10
116646,1,10
116647,1,10
116648,1,10
116649,1,10
116653,1,10
116654,1,10
116767,1,10
116830,1,10
116832,1,10
116836,1,10
116837,1,10
116851,1,10
117034,1,10
117137,1,10
117144,1,10
117208,1,10
117271,1,10
117272,1,10
117273,1,10
117274,1,10
117275,1,10
117276,1,10
117344,1,10
117345,1,10
117440,1,10
117494,1,10
117498,1,10
117499,1,10
117573,1,10
117617,1,10
117622,1,10
117639,1,10
117663,1,10
117822,1,10
117823,1,10
117911,1,10
117918,1,10
117925,1,10
118076,1,10
118078,1,10
118203,1,10
118267,1,10
118389,1,10
118390,1,10
118425,1,10
118503,1,10
118504,1,10
118518,1,10
118521,1,10
118551,1,10
118557,1,10
118814,1,10
118834,1,10
118836,1,10
118895,1,10
118925,1,10
118926,1,10
118927,1,10
118928,1,10
118929,1,10
118930,1,10
118973,1,10
118981,1,10
118982,1,10
118984,1,10
118991,1,10
118992,1,10
118995,1,10
118996,1,10
119030,1,10
119045,1,10
119096,1,10
119097,1,10
119208,1,10
119209,1,10
119212,1,10
119213,1,10
119214,1,10
119215,1,10
119220,1,10
119296,1,10
119303,1,10
119306,1,10
119309,1,10
119323,1,10
119324,1,10
119329,1,10
119330,1,10
119331,1,10
119332,1,10
119333,1,10
119334,1,10
119400,1,10
119536,1,10
119545,1,10
119594,1,10
119671,1,10
119672,1,10
119707,1,10
119857,1,10
119859,1,10
119892,1,10
119895,1,10
119899,1,10
119927,1,10
119928,1,10
119929,1,10
119930,1,10
119985,1,10
119986,1,10
120041,1,10
120066,1,10
120071,1,10
120107,1,10
120112,1,10
120136,1,10
120137,1,10
120138,1,10
120141,1,10
120143,1,10
120150,1,10
120151,1,10
120164,1,10
120249,1,10
120258,1,10
120284,1,10
120285,1,10
120287,1,10
120326,1,10
120347,1,10
120348,1,10
120355,1,10
120470,1,10
120473,1,10
120597,1,10
120598,1,10
120599,1,10
120600,1,10
120601,1,10
120602,1,10
120617,1,10
120641,1,10
120649,1,10
120701,1,10
120711,1,10
120768,1,10
120769,1,10
120836,1,10
120851,1,10
120870,1,10
120886,1,10
120969,1,10
120970,1,10
121010,1,10
121033,1,10
121034,1,10
121035,1,10
121045,1,10
121093,1,10
121094,1,10
121095,1,10
121097,1,10
121150,1,10
121151,1,10
121179,1,10
121192,1,10
121193,1,10
121205,1,10
121237,1,10
121335,1,10
121336,1,10
121338,1,10
121351,1,10
121393,1,10
121452,1,10
121466,1,10
121470,1,10
121471,1,10
121474,1,10
121475,1,10
121567,1,10
121569,1,10
121629,1,10
121726,1,10
121727,1,10
121728,1,10
121729,1,10
121730,1,10
121769,1,10
121858,1,10
121859,1,10
121860,1,10
121895,1,10
122016,1,10
122042,1,10
122076,1,10
122095,1,10
122135,1,10
122283,1,10
122314,1,10
122321,1,10
122322,1,10
122323,1,10
122324,1,10
122325,1,10
122326,1,10
122334,1,10
122417,1,10
122418,1,10
122449,1,10
122510,1,10
122542,1,10
122543,1,10
122546,1,10
122547,1,10
122549,1,10
122550,1,10
122571,1,10
122573,1,10
122574,1,10
122575,1,10
122576,1,10
122600,1,10
122601,1,10
122602,1,10
122744,1,10
122745,1,10
122765,1,10
122851,1,10
122858,1,10
122896,1,10
122897,1,10
122929,1,10
122931,1,10
122942,1,10
122943,1,10
122944,1,10
122945,1,10
122946,1,10
122947,1,10
122948,1,10
122952,1,10
122971,1,10
122993,1,10
123052,1,10
123053,1,10
123054,1,10
123055,1,10
123057,1,10
123059,1,10
123060,1,10
123061,1,10
123063,1,10
123064,1,10
123065,1,10
123066,1,10
123067,1,10
123168,1,10
123169,1,10
123244,1,10
123246,1,10
123258,1,10
123438,1,10
123519,1,10
123559,1,10
123560,1,10
123595,1,10
123621,1,10
123622,1,10
123623,1,10
123642,1,10
123689,1,10
123694,1,10
123695,1,10
123696,1,10
123697,1,10
123698,1,10
123710,1,10
123718,1,10
124015,1,10
124035,1,10
124036,1,10
124037,1,10
124193,1,10
124219,1,10
124235,1,10
124247,1,10
124268,1,10
124269,1,10
124270,1,10
124271,1,10
124306,1,10
124307,1,10
124308,1,10
124357,1,10
124360,1,10
124362,1,10
124373,1,10
124374,1,10
124394,1,10
124445,1,10
124463,1,10
124513,1,10
124618,1,10
124621,1,10
124665,1,10
124666,1,10
124669,1,10
124670,1,10
124676,1,10
124693,1,10
124721,1,10
124722,1,10
124723,1,10
124746,1,10
124779,1,10
124786,1,10
124787,1,10
124788,1,10
124789,1,10
124909,1,10
124910,1,10
124925,1,10
124926,1,10
124927,1,10
124971,1,10
124997,1,10
125050,1,10
125124,1,10
125125,1,10
125126,1,10
125127,1,10
125130,1,10
125131,1,10
125132,1,10
125133,1,10
125203,1,10
125269,1,10
125271,1,10
125304,1,10
125305,1,10
125306,1,10
125307,1,10
125308,1,10
125309,1,10
125406,1,10
125407,1,10
125464,1,10
125551,1,10
125564,1,10
125633,1,10
125639,1,10
125657,1,10
125663,1,10
125674,1,10
125696,1,10
125697,1,10
125736,1,10
125832,1,10
125850,1,10
125941,1,10
125951,1,10
125952,1,10
125953,1,10
125992,1,10
126082,1,10
126083,1,10
126086,1,10
126088,1,10
126089,1,10
126090,1,10
126124,1,10
126126,1,10
126145,1,10
126150,1,10
126151,1,10
126211,1,10
126272,1,10
126319,1,10
126329,1,10
126398,1,10
126439,1,10
126460,1,10
126463,1,10
126500,1,10
126501,1,10
126502,1,10
126505,1,10
126589,1,10
126608,1,10
126678,1,10
126768,1,10
126829,1,10
126831,1,10
126833,1,10
126867,1,10
126869,1,10
126886,1,10
126922,1,10
126923,1,10
126958,1,10
126984,1,10
126999,1,10
127009,1,10
127013,1,10
127066,1,10
127107,1,10
127147,1,10
127192,1,10
127218,1,10
127328,1,10
127342,1,10
127344,1,10
127345,1,10
127354,1,10
127391,1,10
127392,1,10
127396,1,10
127397,1,10
127412,1,10
127413,1,10
127414,1,10
127417,1,10
127418,1,10
127420,1,10
127421,1,10
127570,1,10
127574,1,10
127924,1,10
127946,1,10
127971,1,10
128104,1,10
128105,1,10
128106,1,10
128109,1,10
128200,1,10
128202,1,10
128241,1,10
128266,1,10
128395,1,10
128434,1,10
128435,1,10
128436,1,10
128452,1,10
128519,1,10
128528,1,10
128669,1,10
128776,1,10
128780,1,10
128841,1,10
128878,1,10
128879,1,10
129065,1,10
129213,1,10
129461,1,10
129463,1,10
129599,1,10
129601,1,10
129775,1,10
129792,1,10
129794,1,10
129795,1,10
129796,1,10
129798,1,10
129864,1,10
129921,1,10
129922,1,10
129927,1,10
129928,1,10
129992,1,10
130271,1,10
130322,1,10
130331,1,10
130397,1,10
130413,1,10
130426,1,10
130483,1,10
130484,1,10
130493,1,10
130534,1,10
130577,1,10
130578,1,10
130579,1,10
130583,1,10
130584,1,10
130586,1,10
130588,1,10
130594,1,10
130696,1,10
130697,1,10
130698,1,10
130704,1,10
130732,1,10
130855,1,10
130860,1,10
130871,1,10
130990,1,10
130992,1,10
131108,1,10
131118,1,10
131154,1,10
131268,1,10
131270,1,10
131271,1,10
131280,1,10
131336,1,10
131342,1,10
131344,1,10
131373,1,10
131522,1,10
131526,1,10
131638,1,10
131794,1,10
131795,1,10
131797,1,10
131836,1,10
131838,1,10
131928,1,10
131930,1,10
131937,1,10
131983,1,10
132015,1,10
132016,1,10
132017,1,10
132018,1,10
132019,1,10
132020,1,10
132158,1,10
132160,1,10
132161,1,10
132162,1,10
132214,1,10
132275,1,10
132279,1,10
132354,1,10
132436,1,10
132438,1,10
132492,1,10
132532,1,10
132541,1,10
132543,1,10
132663,1,10
132664,1,10
132684,1,10
132771,1,10
132820,1,10
132914,1,10
133029,1,10
133030,1,10
133035,1,10
133037,1,10
133213,1,10
133218,1,10
133245,1,10
133359,1,10
133462,1,10
133463,1,10
133465,1,10
133587,1,10
133615,1,10
133713,1,10
133722,1,10
133910,1,10
133952,1,10
133953,1,10
134007,1,10
134011,1,10
134012,1,10
134062,1,10
134135,1,10
134196,1,10
134197,1,10
134259,1,10
134262,1,10
134265,1,10
134401,1,10
134404,1,10
134569,1,10
134615,1,10
134616,1,10
134621,1,10
134631,1,10
134632,1,10
134633,1,10
134634,1,10
134658,1,10
134668,1,10
134790,1,10
134803,1,10
134826,1,10
134859,1,10
134860,1,10
134894,1,10
134895,1,10
134896,1,10
134897,1,10
134898,1,10
134899,1,10
134900,1,10
134901,1,10
134902,1,10
134903,1,10
135038,1,10
135040,1,10
135128,1,10
135177,1,10
135178,1,10
135179,1,10
135322,1,10
135350,1,10
135412,1,10
135438,1,10
135439,1,10
135440,1,10
135441,1,10
135442,1,10
135443,1,10
135444,1,10
135445,1,10
135446,1,10
135447,1,10
135448,1,10
135457,1,10
135521,1,10
135527,1,10
135528,1,10
135529,1,10
135535,1,10
135546,1,10
135547,1,10
135548,1,10
135658,1,10
135678,1,10
135683,1,10
135760,1,10
135761,1,10
135762,1,10
135763,1,10
135764,1,10
135767,1,10
135768,1,10
135826,1,10
135835,1,10
135846,1,10
135847,1,10
135884,1,10
135927,1,10
136015,1,10
136016,1,10
136055,1,10
136056,1,10
136062,1,10
136064,1,10
136083,1,10
136116,1,10
136120,1,10
136148,1,10
136263,1,10
136264,1,10
136324,1,10
136344,1,10
136387,1,10
136460,1,10
136461,1,10
136480,1,10
136490,1,10
136539,1,10
136540,1,10
136541,1,10
136542,1,10
136545,1,10
136546,1,10
136672,1,10
136694,1,10
136859,1,10
136865,1,10
136870,1,10
136938,1,10
136940,1,10
136941,1,10
136979,1,10
136980,1,10
136984,1,10
136985,1,10
137002,1,10
137004,1,10
137005,1,10
137006,1,10
137007,1,10
137097,1,10
137098,1,10
137183,1,10
137185,1,10
137213,1,10
137214,1,10
137215,1,10
137216,1,10
137217,1,10
137218,1,10
137247,1,10
137248,1,10
137249,1,10
137260,1,10
137261,1,10
137262,1,10
137263,1,10
137327,1,10
137330,1,10
137331,1,10
137334,1,10
137335,1,10
137348,1,10
137467,1,10
137609,1,10
137610,1,10
137611,1,10
137612,1,10
137770,1,10
137789,1,10
137794,1,10
137795,1,10
137828,1,10
137829,1,10
137830,1,10
137891,1,10
137892,1,10
137908,1,10
137914,1,10
137915,1,10
137916,1,10
137917,1,10
137918,1,10
137919,1,10
137968,1,10
137977,1,10
137978,1,10
137979,1,10
137980,1,10
137981,1,10
138015,1,10
138047,1,10
138048,1,10
138049,1,10
138050,1,10
138057,1,10
138058,1,10
138146,1,10
138185,1,10
138309,1,10
138310,1,10
138311,1,10
138312,1,10
138358,1,10
138360,1,10
138493,1,10
138495,1,10
138500,1,10
138502,1,10
138616,1,10
138679,1,10
138703,1,10
138704,1,10
138705,1,10
138746,1,10
138754,1,10
138755,1,10
138756,1,10
138757,1,10
138758,1,10
138761,1,10
138762,1,10
138765,1,10
138782,1,10
138783,1,10
138784,1,10
139297,1,10
139383,1,10
139423,1,10
139436,1,10
139437,1,10
139469,1,10
139470,1,10
139483,1,10
139511,1,10
139512,1,10
139517,1,10
139537,1,10
139673,1,10
139865,1,10
139866,1,10
139867,1,10
139878,1,10
139903,1,10
139950,1,10
140009,1,10
140121,1,10
140123,1,10
140128,1,10
140149,1,10
140170,1,10
140180,1,10
140181,1,10
140201,1,10
140225,1,10
140271,1,10
140273,1,10
140348,1,10
140629,1,10
140676,1,10
140677,1,10
140678,1,10
140679,1,10
140691,1,10
140884,1,10
140885,1,10
140886,1,10
140887,1,10
140966,1,10
140967,1,10
140998,1,10
141000,1,10
141046,1,10
141087,1,10
141091,1,10
141094,1,10
141095,1,10
141096,1,10
141122,1,10
141152,1,10
141153,1,10
141156,1,10
141182,1,10
141217,1,10
141262,1,10
141263,1,10
141339,1,10
141343,1,10
141344,1,10
141345,1,10
141351,1,10
141407,1,10
141417,1,10
141418,1,10
141430,1,10
141491,1,10
141492,1,10
141711,1,10
141720,1,10
141721,1,10
141771,1,10
141773,1,10
141885,1,10
141954,1,10
141959,1,10
141960,1,10
141961,1,10
141980,1,10
142029,1,10
142130,1,10
142131,1,10
142133,1,10
142294,1,10
142295,1,10
142299,1,10
142300,1,10
142301,1,10
142325,1,10
142394,1,10
142395,1,10
142396,1,10
142401,1,10
142418,1,10
142419,1,10
142420,1,10
142422,1,10
142423,1,10
142424,1,10
142465,1,10
142466,1,10
142470,1,10
142471,1,10
142476,1,10
142477,1,10
142478,1,10
142480,1,10
142481,1,10
142509,1,10
142510,1,10
142552,1,10
142558,1,10
142629,1,10
142630,1,10
142694,1,10
142699,1,10
142740,1,10
142742,1,10
142752,1,10
142753,1,10
142777,1,10
142827,1,10
142829,1,10
142865,1,10
142976,1,10
143002,1,10
143011,1,10
143012,1,10
143038,1,10
143119,1,10
143170,1,10
143185,1,10
143329,1,10
143334,1,10
143335,1,10
143343,1,10
143346,1,10
143356,1,10
143402,1,10
143426,1,10
143427,1,10
143429,1,10
143437,1,10
143440,1,10
143442,1,10
143446,1,10
143462,1,10
143470,1,10
143513,1,10
143666,1,10
143718,1,10
143719,1,10
143720,1,10
143755,1,10
143756,1,10
143766,1,10
143828,1,10
143829,1,10
143854,1,10
143860,1,10
143905,1,10
143915,1,10
143963,1,10
143964,1,10
143966,1,10
143967,1,10
143993,1,10
143994,1,10
143995,1,10
144082,1,10
144205,1,10
144206,1,10
144208,1,10
144209,1,10
144210,1,10
144211,1,10
144212,1,10
144281,1,10
144282,1,10
144283,1,10
144327,1,10
144328,1,10
144330,1,10
144331,1,10
144333,1,10
144381,1,10
144382,1,10
144383,1,10
144396,1,10
144477,1,10
144487,1,10
144491,1,10
144507,1,10
144648,1,10
144651,1,10
144652,1,10
144754,1,10
144980,1,10
145162,1,10
145163,1,10
145164,1,10
145165,1,10
145166,1,10
145167,1,10
145168,1,10
145169,1,10
145170,1,10
145171,1,10
145174,1,10
145175,1,10
145179,1,10
145180,1,10
145204,1,10
145288,1,10
145289,1,10
145299,1,10
145300,1,10
145338,1,10
145340,1,10
145341,1,10
145342,1,10
145343,1,10
145415,1,10
145419,1,10
145450,1,10
145451,1,10
145452,1,10
145503,1,10
145504,1,10
145505,1,10
145506,1,10
145507,1,10
145508,1,10
145509,1,10
145510,1,10
145556,1,10
145557,1,10
145561,1,10
145655,1,10
145658,1,10
145659,1,10
145661,1,10
145748,1,10
145758,1,10
145784,1,10
145785,1,10
145791,1,10
145869,1,10
145870,1,10
145871,1,10
145872,1,10
145873,1,10
145917,1,10
145992,1,10
146022,1,10
146232,1,10
146233,1,10
146234,1,10
146241,1,10
146247,1,10
146287,1,10
146436,1,10
146437,1,10
146439,1,10
146440,1,10
146441,1,10
146442,1,10
146443,1,10
146444,1,10
146445,1,10
146542,1,10
146543,1,10
146624,1,10
146671,1,10
146817,1,10
146851,1,10
146905,1,10
146928,1,10
146929,1,10
146952,1,10
146953,1,10
146984,1,10
147026,1,10
147090,1,10
147091,1,10
147156,1,10
147157,1,10
147158,1,10
147159,1,10
147160,1,10
147163,1,10
147176,1,10
147177,1,10
147178,1,10
147237,1,10
147272,1,10
147313,1,10
147322,1,10
147328,1,10
147329,1,10
147330,1,10
147331,1,10
147332,1,10
147413,1,10
147414,1,10
147441,1,10
147472,1,10
147473,1,10
147505,1,10
147506,1,10
147507,1,10
147549,1,10
147550,1,10
147551,1,10
147552,1,10
147553,1,10
147554,1,10
147556,1,10
147646,1,10
147647,1,10
147648,1,10
147649,1,10
147650,1,10
147651,1,10
147652,1,10
147653,1,10
147654,1,10
147831,1,10
147849,1,10
148014,1,10
148026,1,10
148028,1,10
148029,1,10
148042,1,10
148106,1,10
148107,1,10
148108,1,10
148132,1,10
148175,1,10
148264,1,10
148266,1,10
148304,1,10
148330,1,10
148331,1,10
148338,1,10
148339,1,10
148340,1,10
148341,1,10
148465,1,10
148510,1,10
148677,1,10
148678,1,10
148679,1,10
148680,1,10
148681,1,10
148682,1,10
148732,1,10
148733,1,10
148734,1,10
149046,1,10
149047,1,10
149312,1,10
149313,1,10
149314,1,10
149315,1,10
149316,1,10
149317,1,10
149318,1,10
149319,1,10
149334,1,10
149483,1,10
149484,1,10
149485,1,10
149486,1,10
149487,1,10
149645,1,10
149650,1,10
149711,1,10
149713,1,10
149747,1,10
149748,1,10
149835,1,10
149836,1,10
149841,1,10
149842,1,10
149843,1,10
149844,1,10
149848,1,10
149849,1,10
149850,1,10
149866,1,10
149867,1,10
149870,1,10
149879,1,10
149880,1,10
149881,1,10
149882,1,10
149883,1,10
149884,1,10
149885,1,10
149887,1,10
149888,1,10
149889,1,10
149890,1,10
149891,1,10
149892,1,10
149917,1,10
149918,1,10
149921,1,10
149922,1,10
149940,1,10
149958,1,10
149998,1,10
150209,1,10
150300,1,10
150301,1,10
150359,1,10
150362,1,10
150363,1,10
150364,1,10
150365,1,10
150478,1,10
150608,1,10
150609,1,10
150610,1,10
150611,1,10
150612,1,10
150613,1,10
150614,1,10
150633,1,10
150635,1,10
150804,1,10
150825,1,10
150826,1,10
151028,1,10
151033,1,10
151034,1,10
151037,1,10
151064,1,10
151068,1,10
151070,1,10
151071,1,10
151072,1,10
151073,1,10
151074,1,10
151077,1,10
151078,1,10
151079,1,10
151167,1,10
151169,1,10
151273,1,10
151274,1,10
151275,1,10
151276,1,10
151277,1,10
151280,1,10
151424,1,10
151425,1,10
151456,1,10
151457,1,10
151458,1,10
151459,1,10
151485,1,10
151486,1,10
151487,1,10
151488,1,10
151489,1,10
151490,1,10
151657,1,10
151658,1,10
151659,1,10
151660,1,10
151661,1,10
151662,1,10
151663,1,10
151664,1,10
151666,1,10
151667,1,10
151748,1,10
151909,1,10
151910,1,10
151911,1,10
151912,1,10
151988,1,10
151989,1,10
151990,1,10
151991,1,10
151992,1,10
151993,1,10
151994,1,10
151995,1,10
152004,1,10
152107,1,10
152108,1,10
152247,1,10
152304,1,10
152305,1,10
152344,1,10
152351,1,10
152352,1,10
152353,1,10
152549,1,10
152550,1,10
152551,1,10
152552,1,10
152554,1,10
152844,1,10
152904,1,10
153366,1,10
153367,1,10
153368,1,10
153369,1,10
153370,1,10
153371,1,10
153391,1,10
153392,1,10
153393,1,10
153394,1,10
153395,1,10
153396,1,10
153437,1,10
153443,1,10
153490,1,10
153555,1,10
153571,1,10
153584,1,10
153585,1,10
153586,1,10
153610,1,10
153661,1,10
153707,1,10
153712,1,10
153713,1,10
153714,1,10
153715,1,10
153716,1,10
153717,1,10
153718,1,10
153725,1,10
153726,1,10
154086,1,10
154360,1,10
154367,1,10
154370,1,10
154371,1,10
154372,1,10
154373,1,10
154452,1,10
154453,1,10
154647,1,10
154677,1,10
154697,1,10
154699,1,10
154700,1,10
154842,1,10
155129,1,10
155131,1,10
155312,1,10
155313,1,10
155315,1,10
155316,1,10
155420,1,10
155422,1,10
155423,1,10
155424,1,10
155495,1,10
155496,1,10
155497,1,10
155499,1,10
155500,1,10
155501,1,10
155505,1,10
155506,1,10
155507,1,10
155509,1,10
155860,1,10
155872,1,10
155982,1,10
155983,1,10
155993,1,10
155999,1,10
156001,1,10
156002,1,10
156003,1,10
156076,1,10
156079,1,10
156080,1,10
156084,1,10
156085,1,10
156173,1,10
156181,1,10
156182,1,10
156183,1,10
156184,1,10
156185,1,10
156186,1,10
156187,1,10
156188,1,10
156189,1,10
156344,1,10
156378,1,10
156379,1,10
156380,1,10
156381,1,10
156387,1,10
156439,1,10
156469,1,10
156628,1,10
156662,1,10
156665,1,10
156670,1,10
156671,1,10
156673,1,10
156674,1,10
156692,1,10
156749,1,10
156750,1,10
156751,1,10
156752,1,10
156753,1,10
156754,1,10
156755,1,10
156756,1,10
156757,1,10
156758,1,10
156968,1,10
157175,1,10
157176,1,10
157666,1,10
157670,1,10
157879,1,10
157883,1,10
157893,1,10
157894,1,10
157895,1,10
157896,1,10
157897,1,10
157898,1,10
157899,1,10
157900,1,10
157957,1,10
157960,1,10
157964,1,10
157965,1,10
158095,1,10
158097,1,10
158098,1,10
158372,1,10
158373,1,10
158374,1,10
158376,1,10
158379,1,10
158400,1,10
158401,1,10
158470,1,10
158471,1,10
158554,1,10
158555,1,10
158863,1,10
158864,1,10
158865,1,10
158866,1,10
158868,1,10
158874,1,10
158875,1,10
158876,1,10
158877,1,10
158878,1,10
159080,1,10
159081,1,10
159082,1,10
159083,1,10
159129,1,10
159145,1,10
159235,1,10
159236,1,10
159237,1,10
159240,1,10
159241,1,10
159242,1,10
159245,1,10
159323,1,10
159370,1,10
159371,1,10
159372,1,10
159384,1,10
159385,1,10
159386,1,10
159387,1,10
159388,1,10
159389,1,10
159482,1,10
159485,1,10
159486,1,10
159489,1,10
159490,1,10
159491,1,10
159527,1,10
159658,1,10
159922,1,10
159933,1,10
159968,1,10
159969,1,10
160085,1,10
160086,1,10
160087,1,10
160088,1,10
160089,1,10
160090,1,10
160091,1,10
160092,1,10
160093,1,10
160094,1,10
160095,1,10
160096,1,10
160117,1,10
160118,1,10
160119,1,10
160120,1,10
160121,1,10
160122,1,10
160123,1,10
160329,1,10
160513,1,10
160515,1,10
160524,1,10
160546,1,10
160547,1,10
160548,1,10
160549,1,10
160550,1,10
160551,1,10
160552,1,10
160553,1,10
160554,1,10
160621,1,10
160622,1,10
160623,1,10
160624,1,10
160625,1,10
160626,1,10
160627,1,10
160628,1,10
160656,1,10
160657,1,10
160658,1,10
160659,1,10
160660,1,10
160661,1,10
160662,1,10
160663,1,10
160664,1,10
160667,1,10
160676,1,10
160752,1,10
160753,1,10
160801,1,10
160802,1,10
160803,1,10
160804,1,10
160968,1,10
160969,1,10
160970,1,10
160971,1,10
160972,1,10
161061,1,10
161062,1,10
161063,1,10
161064,1,10
161065,1,10
161066,1,10
161122,1,10
161203,1,10
161204,1,10
161205,1,10
161206,1,10
161207,1,10
161208,1,10
161210,1,10
161215,1,10
161216,1,10
161218,1,10
161524,1,10
161526,1,10
161656,1,10
161657,1,10
161658,1,10
161659,1,10
161660,1,10
161661,1,10
161662,1,10
161663,1,10
161664,1,10
161665,1,10
161666,1,10
162087,1,10
162103,1,10
162104,1,10
162107,1,10
162108,1,10
162109,1,10
162110,1,10
162111,1,10
162124,1,10
162125,1,10
162126,1,10
162205,1,10
162417,1,10
162550,1,10
162551,1,10
162553,1,10
162554,1,10
162763,1,10
163023,1,10
163024,1,10
163027,1,10
163028,1,10
163289,1,10
163290,1,10
163295,1,10
163297,1,10
163333,1,10
163393,1,10
163394,1,10
163398,1,10
163399,1,10
163410,1,10
163411,1,10
163412,1,10
163413,1,10
163414,1,10
163654,1,10
163655,1,10
163705,1,10
163708,1,10
163709,1,10
163710,1,10
163728,1,10
163729,1,10
163730,1,10
163731,1,10
163732,1,10
163733,1,10
163734,1,10
163735,1,10
163736,1,10
163768,1,10
163940,1,10
163941,1,10
163942,1,10
163943,1,10
163944,1,10
163945,1,10
163946,1,10
163947,1,10
163948,1,10
164244,1,10
164380,1,10
164382,1,10
164387,1,10
164433,1,10
164445,1,10
164446,1,10
164447,1,10
164448,1,10
164449,1,10
164679,1,10
164680,1,10
164709,1,10
164710,1,10
164714,1,10
164733,1,10
165085,1,10
165086,1,10
165087,1,10
165089,1,10
165090,1,10
165091,1,10
165101,1,10
165103,1,10
165124,1,10
165150,1,10
165335,1,10
165382,1,10
165408,1,10
165434,1,10
165435,1,10
165437,1,10
165490,1,10
165491,1,10
165495,1,10
165521,1,10
165616,1,10
165785,1,10
165786,1,10
165915,1,10
165972,1,10
165973,1,10
165974,1,10
165975,1,10
165976,1,10
166316,1,10
166342,1,10
166808,1,10
166809,1,10
166810,1,10
166811,1,10
166812,1,10
166813,1,10
166814,1,10
166815,1,10
166874,1,10
166878,1,10
166879,1,10
166880,1,10
166881,1,10
166884,1,10
166894,1,10
166985,1,10
166987,1,10
166988,1,10
166989,1,10
167484,1,10
167485,1,10
167555,1,10
167581,1,10
167582,1,10
167623,1,10
167674,1,10
167676,1,10
167677,1,10
167904,1,10
167905,1,10
167906,1,10
167907,1,10
167908,1,10
168009,1,10
168139,1,10
168260,1,10
168261,1,10
168403,1,10
168404,1,10
168405,1,10
168406,1,10
168407,1,10
168408,1,10
168409,1,10
168410,1,10
168411,1,10
168412,1,10
168607,1,10
168608,1,10
168609,1,10
168610,1,10
168611,1,10
168641,1,10
168772,1,10
168861,1,10
168862,1,10
168863,1,10
168864,1,10
168887,1,10
168890,1,10
168891,1,10
168892,1,10
168893,1,10
168894,1,10
168895,1,10
168941,1,10
168942,1,10
168943,1,10
169136,1,10
169137,1,10
169141,1,10
169143,1,10
169298,1,10
169299,1,10
169300,1,10
169301,1,10
169302,1,10
169456,1,10
169457,1,10
169543,1,10
169544,1,10
169546,1,10
169547,1,10
169718,1,10
169719,1,10
169720,1,10
169721,1,10
169722,1,10
169805,1,10
169806,1,10
169892,1,10
169959,1,10
169978,1,10
169998,1,10
170085,1,10
170086,1,10
170087,1,10
170088,1,10
170089,1,10
170090,1,10
170109,1,10
170110,1,10
170111,1,10
170112,1,10
170113,1,10
170114,1,10
170115,1,10
170116,1,10
170117,1,10
170118,1,10
170119,1,10
170121,1,10
170122,1,10
170264,1,10
170265,1,10
170266,1,10
170268,1,10
170269,1,10
170271,1,10
170396,1,10
170404,1,10
170415,1,10
170418,1,10
170467,1,10
170500,1,10
170537,1,10
170681,1,10
170947,1,10
170949,1,10
171158,1,10
171159,1,10
171160,1,10
171161,1,10
171305,1,10
171324,1,10
171325,1,10
171335,1,10
171343,1,10
171344,1,10
171345,1,10
171346,1,10
171347,1,10
171348,1,10
171349,1,10
171350,1,10
171351,1,10
171352,1,10
171353,1,10
171354,1,10
171355,1,10
171356,1,10
171357,1,10
171358,1,10
171393,1,10
171585,1,10
171588,1,10
171589,1,10
171590,1,10
171591,1,10
171592,1,10
171596,1,10
171655,1,10
171656,1,10
171657,1,10
171658,1,10
171659,1,10
171661,1,10
171662,1,10
171667,1,10
171903,1,10
171904,1,10
171905,1,10
171906,1,10
171907,1,10
171908,1,10
172152,1,10
172214,1,10
172295,1,10
172417,1,10
172418,1,10
172419,1,10
172420,1,10
172421,1,10
172422,1,10
172423,1,10
172433,1,10
172434,1,10
172436,1,10
172467,1,10
172468,1,10
172595,1,10
172596,1,10
173031,1,10
173032,1,10
173033,1,10
173034,1,10
173035,1,10
173176,1,10
173437,1,10
173492,1,10
173511,1,10
173512,1,10
173513,1,10
173514,1,10
173515,1,10
173645,1,10
173658,1,10
173668,1,10
173669,1,10
173673,1,10
173674,1,10
174055,1,10
174056,1,10
174057,1,10
174058,1,10
174060,1,10
174061,1,10
174379,1,10
174381,1,10
174493,1,10
174667,1,10
174726,1,10
174727,1,10
174738,1,10
174831,1,10
174834,1,10
174835,1,10
174836,1,10
174837,1,10
174890,1,10
174891,1,10
174892,1,10
174893,1,10
174894,1,10
175022,1,10
175116,1,10
175117,1,10
175118,1,10
175119,1,10
175150,1,10
175151,1,10
175152,1,10
175153,1,10
175155,1,10
175156,1,10
175157,1,10
175258,1,10
175259,1,10
175260,1,10
175263,1,10
175264,1,10
175292,1,10
175459,1,10
175460,1,10
175461,1,10
175462,1,10
175463,1,10
175465,1,10
175466,1,10
175467,1,10
175468,1,10
175469,1,10
175470,1,10
175471,1,10
175472,1,10
175473,1,10
175474,1,10
175475,1,10
175491,1,10
175500,1,10
175532,1,10
175977,1,10
176175,1,10
176177,1,10
176178,1,10
176181,1,10
176182,1,10
176183,1,10
176188,1,10
176189,1,10
176256,1,10
176257,1,10
176258,1,10
176259,1,10
176445,1,10
176446,1,10
176447,1,10
176477,1,10
176478,1,10
176479,1,10
176480,1,10
176481,1,10
176482,1,10
176483,1,10
176486,1,10
176531,1,10
176532,1,10
176533,1,10
176534,1,10
176535,1,10
176536,1,10
176615,1,10
176635,1,10
176636,1,10
176637,1,10
176638,1,10
176639,1,10
176752,1,10
176753,1,10
176754,1,10
176755,1,10
176915,1,10
176916,1,10
176917,1,10
176918,1,10
176919,1,10
176920,1,10
176927,1,10
177373,1,10
177374,1,10
177375,1,10
177550,1,10
177551,1,10
177552,1,10
177553,1,10
177554,1,10
177556,1,10
177557,1,10
177558,1,10
177559,1,10
177589,1,10
177590,1,10
177591,1,10
177592,1,10
177593,1,10
177594,1,10
177743,1,10
177744,1,10
177745,1,10
177746,1,10
177747,1,10
177748,1,10
177972,1,10
177973,1,10
177974,1,10
177975,1,10
177976,1,10
177977,1,10
177978,1,10
177979,1,10
177980,1,10
177981,1,10
178081,1,10
178082,1,10
178083,1,10
178084,1,10
178085,1,10
178086,1,10
178087,1,10
178088,1,10
